"x1","x2","y","label","predLabels","prob"
0.732404894428328,0.742541926912963,0,"urban",0,1
0.665584185160697,0.756796102970839,0,"urban",0,1
0.0313641661778092,0.645682440837845,0,"urban",0,1
0.293118447763845,0.931320047006011,0,"urban",0,1
0.15570000722073,0.894264545291662,1,"suburban",1,1
0.550396950915456,0.627600234467536,0,"urban",0,1
0.633116332115605,0.338277483126149,0,"urban",0,1
0.550544399302453,0.637464155908674,0,"urban",0,1
0.331842248560861,0.451066048815846,0,"urban",0,1
0.394536746433005,0.984404194401577,1,"suburban",1,0.67
0.634796748170629,0.283221191028133,0,"urban",0,1
0.761684881988913,0.752796785673127,0,"urban",0,1
0.52101012528874,0.679209961323068,0,"urban",0,1
0.870877080364153,0.944457769626752,0,"urban",0,1
0.174598735757172,0.86698180087842,1,"suburban",1,0.67
0.273031104821712,0.987545656738803,0,"urban",0,1
0.202957620378584,0.795215585501865,0,"urban",0,1
0.0316415869165212,0.49961529718712,0,"urban",0,1
0.406378984684125,0.631963146850467,0,"urban",0,1
0.872722171945497,0.795857769437134,0,"urban",0,1
0.511388801736757,0.343461307464167,0,"urban",0,1
0.808324596146122,0.44531551329419,0,"urban",0,1
0.289005890255794,0.0338751792442054,0,"urban",0,1
0.73846704675816,0.679827267304063,0,"urban",0,1
0.209678571904078,0.198414473328739,0,"urban",0,0.67
0.000365418149158359,0.0680881894659251,0,"urban",0,0.67
0.20206969208084,0.537714476697147,0,"urban",0,1
0.508483132114634,0.496653459267691,0,"urban",0,1
0.0111882158089429,0.512528348946944,0,"urban",0,1
0.502879442181438,0.849868036806583,0,"urban",0,1
0.397939210757613,0.141050458420068,0,"urban",0,1
0.874560185475275,0.719382601557299,0,"urban",0,1
0.103225251892582,0.935532109579071,1,"suburban",1,1
0.246365864062682,0.220420245081186,0,"urban",0,1
0.61095872707665,0.590120946289971,0,"urban",0,1
0.23533107037656,0.4715195519384,0,"urban",0,1
0.648542520822957,0.0513475574553013,0,"urban",0,1
0.984097355278209,0.975318656535819,0,"urban",0,1
0.977702067466453,0.779580356786028,0,"urban",0,1
0.621542771579698,0.112727402476594,0,"urban",0,1
0.257765953661874,0.482680659973994,0,"urban",0,1
0.449335213052109,0.442116234917194,0,"urban",0,1
0.274929760489613,0.238826361019164,0,"urban",0,1
0.29135260428302,0.750494232866913,0,"urban",0,1
0.460372620495036,0.400921440683305,0,"urban",0,1
0.846689624013379,0.338473714888096,1,"suburban",1,1
0.0645342222414911,0.604800036875531,0,"urban",0,1
0.839640870690346,0.440693947952241,0,"urban",0,1
0.276998368091881,0.342931540682912,0,"urban",0,1
0.146407516673207,0.0799818052910268,0,"urban",0,1
0.707934413105249,0.316398138413206,0,"urban",0,1
0.435829888796434,0.105502842925489,0,"urban",0,1
0.136012907139957,0.416541024576873,0,"urban",0,1
0.71915065147914,0.875758266774938,0,"urban",0,1
0.0357760763727129,0.152456376235932,1,"suburban",1,1
0.369484293507412,0.997103403555229,0,"urban",0,0.67
0.0433715754188597,0.78356698458083,0,"urban",0,1
0.128302381606773,0.00909718265756965,0,"urban",0,1
0.422896644100547,0.812920838128775,0,"urban",0,1
0.355176862562075,0.760683516506106,0,"urban",0,1
0.43096462986432,0.143028136342764,0,"urban",0,1
0.694843410514295,0.850658905692399,0,"urban",0,1
0.850646461592987,0.939273922936991,0,"urban",0,1
0.769919974263757,0.718685790896416,0,"urban",0,1
0.492636320646852,0.583283553598449,0,"urban",0,1
0.142347458051518,0.635218995623291,0,"urban",0,1
0.831465409370139,0.870727761881426,0,"urban",0,1
0.130706935888156,0.743900066940114,0,"urban",0,1
0.0955464276485145,0.188596694730222,1,"suburban",1,1
0.357137338025495,0.693084891187027,0,"urban",0,1
0.605749893235043,0.986697918269783,0,"urban",0,1
0.471338538685814,0.0369506594724953,0,"urban",0,1
0.727512842742726,0.214399975957349,0,"urban",0,1
0.473163192393258,0.229850059142336,0,"urban",0,1
0.252023345325142,0.359777328092605,0,"urban",0,1
0.774451217381284,0.678964748745784,0,"urban",0,1
0.574163723038509,0.298907648539171,0,"urban",0,1
0.432954359566793,0.143260321812704,0,"urban",0,1
0.767880475847051,0.797348312102258,0,"urban",0,1
0.0750018823891878,0.290673952316865,1,"suburban",1,1
0.561788875842467,0.585390505148098,0,"urban",0,1
0.93432837841101,0.0318680931814015,1,"suburban",1,1
0.626696000574157,0.253163657616824,0,"urban",0,1
0.925975868944079,0.616360515123233,0,"urban",0,1
0.34300395171158,0.208033674163744,0,"urban",0,1
0.483712811022997,0.988857405493036,1,"suburban",1,1
0.316000102786347,0.511480728397146,0,"urban",0,1
0.821810191962868,0.335725932847708,1,"suburban",1,1
0.843179508810863,0.714568979805335,0,"urban",0,1
0.531275568762794,0.203813796164468,0,"urban",0,1
0.747596583329141,0.660255468217656,0,"urban",0,1
0.221464959904552,0.759992906125262,0,"urban",0,1
0.448732761200517,0.7803459467832,0,"urban",0,1
0.343957637436688,0.976837079040706,0,"urban",0,1
0.025583453476429,0.104588461108506,1,"suburban",1,1
0.884323333855718,0.504073059884831,0,"urban",0,1
0.513927120482549,0.420398109359667,0,"urban",0,1
0.781245759222656,0.876895788591355,0,"urban",0,1
0.468539444962516,0.277205725433305,0,"urban",0,1
0.01369215012528,0.756528762169182,0,"urban",0,1
0.481702541932464,0.952453905716538,1,"suburban",1,1
0.0271798595786095,0.867495722603053,1,"suburban",1,0.67
0.191147442674264,0.730877170339227,0,"urban",0,1
0.321174589917064,0.94460573233664,0,"urban",0,1
0.373086286243051,0.649025440914556,0,"urban",0,1
0.258995763026178,0.148616572609171,0,"urban",0,1
0.883882611058652,0.123072562506422,1,"suburban",1,1
0.68210584204644,0.952891421504319,0,"urban",0,1
0.731260474771261,0.123232752317563,0,"urban",0,1
0.943545953836292,0.440328378230333,0,"urban",0,1
0.516480369959027,0.721462899586186,0,"urban",0,1
0.979538036743179,0.0857129618525505,1,"suburban",1,1
0.46612041676417,0.857324244920164,0,"urban",0,1
0.764380004256964,0.854626080021262,0,"urban",0,1
0.531695743789896,0.879629450850189,0,"urban",0,1
0.225646663922817,0.707158646779135,0,"urban",0,1
0.722509222803637,0.159312354866415,0,"urban",0,1
0.5313436598517,0.252072515198961,0,"urban",0,1
0.635573519626632,0.544099973281845,0,"urban",0,1
0.97986519546248,0.590921344934031,0,"urban",0,1
0.642310906667262,0.865571336820722,0,"urban",0,1
0.0694875689223409,0.866887789219618,1,"suburban",1,1
0.497682811925188,0.592191517120227,0,"urban",0,1
0.00970540638081729,0.919506093254313,1,"suburban",1,1
0.785636578686535,0.0611678694840521,0,"urban",0,1
0.75863066711463,0.39725211635232,0,"urban",0,1
0.337721759220585,0.453304645139724,0,"urban",0,1
0.742663539014757,0.819219479337335,0,"urban",0,1
0.776863517938182,0.599097726866603,0,"urban",0,1
0.650161299388856,0.280202787136659,0,"urban",0,1
0.306883461074904,0.0150504808407277,0,"urban",0,1
0.348678829846904,0.684466226259246,0,"urban",0,1
0.465146703412756,0.709194449475035,0,"urban",0,1
0.966170452302322,0.696016923524439,0,"urban",0,1
0.44929578807205,0.159809337230399,0,"urban",0,1
0.0411789347417653,0.37863648077473,0,"urban",0,1
0.183337224880233,0.341930840397254,0,"urban",0,1
0.355397211620584,0.193370366469026,0,"urban",0,1
0.197298653656617,0.388199016451836,0,"urban",0,1
0.476765051251277,0.351875219726935,0,"urban",0,1
0.50451084622182,0.382891128305346,0,"urban",0,1
0.800357268657535,0.0991687239147723,0,"urban",0,1
0.529872087296098,0.824209166225046,0,"urban",0,1
0.868392370874062,0.756739426637068,0,"urban",0,1
0.852941239718348,0.312892894027755,1,"suburban",1,1
0.364254849264398,0.685810091439635,0,"urban",0,1
0.172992896754295,0.132358561269939,0,"urban",1,0.67
0.939866688102484,0.310115202795714,0,"urban",0,1
0.552339880960062,0.829758644104004,0,"urban",0,1
0.411406077211723,0.333522133994848,0,"urban",0,1
0.342007689876482,0.693278351565823,0,"urban",0,1
0.16064207884483,0.791085494449362,0,"urban",0,1
0.823042253730819,0.0152196916751564,0,"urban",0,1
0.204074914567173,0.251333553344011,0,"urban",0,1
0.394578414736316,0.911592896096408,0,"urban",0,0.67
0.148231569677591,0.401580104371533,0,"urban",0,1
0.856605606386438,0.580496917711571,0,"urban",0,1
0.830679361242801,0.641949423123151,0,"urban",0,1
0.385439543519169,0.0375912848394364,0,"urban",0,1
0.957883204333484,0.421493591042235,0,"urban",0,1
0.487814990570769,0.355613440042362,0,"urban",0,1
0.132585642393678,0.908862255746499,1,"suburban",1,1
0.084421653766185,0.959902711445466,1,"suburban",1,1
0.775027704425156,0.535041455412284,0,"urban",0,1
0.0847619688138366,0.892992861336097,1,"suburban",1,1
0.680975224124268,0.0708900624886155,0,"urban",0,1
0.113830325193703,0.405518245883286,0,"urban",0,1
0.600732757244259,0.042403639992699,0,"urban",0,1
0.849856272805482,0.241115090204403,0,"urban",0,0.67
0.188120933482423,0.311740722507238,0,"urban",0,1
0.628014850430191,0.553663162048906,0,"urban",0,1
0.580493591958657,0.764067270793021,0,"urban",0,1
0.0742716595996171,0.0444156667217612,0,"urban",0,1
0.219157117186114,0.0103781148791313,0,"urban",0,1
0.723905560094863,0.525964873377234,0,"urban",0,1
0.51424597017467,0.034130439395085,0,"urban",0,1
0.487171507906169,0.0155584502499551,0,"urban",0,1
0.924723258707672,0.605111579643562,0,"urban",0,1
0.0673088110052049,0.639521188102663,0,"urban",0,1
0.669277208857238,0.159148931503296,0,"urban",0,1
0.924597498495132,0.914494125405326,0,"urban",0,1
0.646301746135578,0.802181220846251,0,"urban",0,1
0.715585764730349,0.822043706895784,0,"urban",0,1
0.536744725424796,0.634705301141366,0,"urban",0,1
0.354686584323645,0.506953087635338,0,"urban",0,1
0.598711329977959,0.661586577771232,0,"urban",0,1
0.280953741166741,0.992137015098706,0,"urban",0,1
0.143721493892372,0.0126030419487506,0,"urban",0,1
0.426729988539591,0.505860587349162,0,"urban",0,1
0.0707036519888788,0.0383367040194571,0,"urban",0,1
0.148302800953388,0.520988198928535,0,"urban",0,1
0.547919445438311,0.715842290548608,0,"urban",0,1
0.450766351772472,0.927472222363576,1,"suburban",1,1
0.666103313211352,0.0536084061022848,0,"urban",0,1
0.817627568263561,0.100826637819409,0,"urban",0,0.67
0.442640775581822,0.648437303490937,0,"urban",0,1
0.18125456222333,0.390627777203918,0,"urban",0,1
0.745802068617195,0.505479088751599,0,"urban",0,1
0.165736371418461,0.0535015757195652,0,"urban",0,1
0.693897077348083,0.0880255962256342,0,"urban",0,1
0.524176709819585,0.400308369658887,0,"urban",0,1
0.659129618899897,0.159727335441858,0,"urban",0,1
0.701153520261869,0.801427761325613,0,"urban",0,1
0.249119152547792,0.482221865560859,0,"urban",0,1
0.0903950394131243,0.955753253540024,1,"suburban",1,1
0.295036999275908,0.649291733279824,0,"urban",0,1
0.344152400968596,0.976944648195058,0,"urban",0,1
0.68879917729646,0.291333710541949,0,"urban",0,1
0.655893203103915,0.652709892485291,0,"urban",0,1
0.489739084616303,0.201914681587368,0,"urban",0,1
0.950834826100618,0.76609522732906,0,"urban",0,1
0.348940717056394,0.512259046779945,0,"urban",0,1
0.928589769639075,0.419832417974249,0,"urban",0,1
0.211313852807507,0.725613567978144,0,"urban",0,1
0.223931634332985,0.260099114151672,0,"urban",0,1
0.715408809483051,0.855467208428308,0,"urban",0,1
0.236032577231526,0.427277012960985,0,"urban",0,1
0.467352676438168,0.164306414779276,0,"urban",0,1
0.189549301285297,0.853439588332549,0,"urban",1,0.67
0.909563181223348,0.721443333430216,0,"urban",0,1
0.226245031924918,0.710385844809934,0,"urban",0,1
0.955995581578463,0.809265318093821,0,"urban",0,1
0.343627507099882,0.0514787377323955,0,"urban",0,1
0.658039826899767,0.947574228513986,0,"urban",0,1
0.77870259527117,0.542001607362181,0,"urban",0,1
0.838678731350228,0.953378327889368,0,"urban",0,1
0.174730419181287,0.49619708256796,0,"urban",0,1
0.619059715187177,0.348660836694762,0,"urban",0,1
0.921048116404563,0.642418326577172,0,"urban",0,1
0.477068663341925,0.660177359124646,0,"urban",0,1
0.693734381813556,0.704668981721625,0,"urban",0,1
0.340637649409473,0.437100537586957,0,"urban",0,1
0.236704628216103,0.700263396371156,0,"urban",0,1
0.584110173862427,0.120365354930982,0,"urban",0,1
0.72389148757793,0.144811443518847,0,"urban",0,1
0.209950670832768,0.340602124109864,0,"urban",0,1
0.818419742165133,0.638162025483325,0,"urban",0,1
0.282007235568017,0.10134774306789,0,"urban",0,1
0.976192619884387,0.774811546085402,0,"urban",0,1
0.906890066806227,0.849175781244412,0,"urban",0,1
0.358216633321717,0.916488005779684,0,"urban",0,1
0.536119602853432,0.293462921632454,0,"urban",0,1
0.919821955729276,0.786823756294325,0,"urban",0,1
0.0650334747042507,0.733615170232952,0,"urban",0,1
0.341044611530378,0.100632153684273,0,"urban",0,1
0.267187380697578,0.805869627511129,0,"urban",0,1
0.000236788764595985,0.262885382398963,1,"suburban",1,1
0.64184687868692,0.807340810541064,0,"urban",0,1
0.341842565918341,0.633183309109882,0,"urban",0,1
0.954443635884672,0.579231911106035,0,"urban",0,1
0.059493062319234,0.370162628591061,0,"urban",0,1
0.341248376993462,0.116453429916874,0,"urban",0,1
0.294957354897633,0.463893945096061,0,"urban",0,1
0.377230687532574,0.294363180175424,0,"urban",0,1
0.0703273522667587,0.994397210422903,1,"suburban",1,1
0.74046654580161,0.27025003102608,0,"urban",0,1
0.570427479455248,0.524818370584399,0,"urban",0,1
0.293260298203677,0.292822196148336,0,"urban",0,1
0.827198290266097,0.0443937375675887,0,"urban",0,0.67
0.110563750611618,0.229109985288233,1,"suburban",1,1
0.385229902341962,0.917008828138933,0,"urban",0,1
0.900672562653199,0.91183433518745,0,"urban",0,1
0.558807261520997,0.163136649644002,0,"urban",0,1
0.0524766421876848,0.511294709984213,0,"urban",0,1
0.874730118783191,0.288841434521601,1,"suburban",1,1
0.309672416420653,0.507565550273284,0,"urban",0,1
0.790853417711332,0.288553360616788,0,"urban",1,0.67
0.996604817686602,0.530534276738763,0,"urban",0,1
0.120737125864252,0.587680345866829,0,"urban",0,1
0.415457614231855,0.798409026814625,0,"urban",0,1
0.723402418661863,0.722659322200343,0,"urban",0,1
0.0786429962608963,0.195125183556229,1,"suburban",1,1
0.630976226413622,0.281150520779192,0,"urban",0,1
0.267454674467444,0.359556555282325,0,"urban",0,1
0.505915815243497,0.770021304488182,0,"urban",0,1
0.851083377609029,0.735065808752552,0,"urban",0,1
0.763566041830927,0.0828085902612656,0,"urban",0,1
0.63099435181357,0.879495289409533,0,"urban",0,1
0.193225193303078,0.887821602169424,1,"suburban",1,1
0.633009673561901,0.936632082331926,0,"urban",0,1
0.756881044711918,0.559779200702906,0,"urban",0,1
0.968914703931659,0.798027067678049,0,"urban",0,1
0.0213023370597512,0.934483021264896,1,"suburban",1,1
0.877484024502337,0.309144416823983,1,"suburban",1,1
0.844403904397041,0.937953848857433,0,"urban",0,1
0.219993468839675,0.76452572341077,0,"urban",0,1
0.106535257538781,0.151720171561465,1,"suburban",1,1
0.495825953781605,0.103325637290254,0,"urban",0,1
0.817509713349864,0.551145214820281,0,"urban",0,1
0.919442802900448,0.0604773217346519,1,"suburban",1,1
0.304836616851389,0.367350680287927,0,"urban",0,1
0.082726982422173,0.370389041723683,0,"urban",0,1
0.709472925402224,0.619334435788915,0,"urban",0,1
0.503887695260346,0.131685831584036,0,"urban",0,1
0.824698904296383,0.760405978420749,0,"urban",0,1
0.785658386768773,0.00639701192267239,0,"urban",0,1
0.506032421719283,0.941162980627269,1,"suburban",1,1
0.680379448691383,0.805204804986715,0,"urban",0,1
0.190499767195433,0.563807821366936,0,"urban",0,1
0.712257253471762,0.670453680213541,0,"urban",0,1
0.641378914238885,0.303601286141202,0,"urban",0,1
0.832620269153267,0.394935459364206,0,"urban",0,1
0.904992475872859,0.346405623946339,0,"urban",0,0.67
0.104070664383471,0.869889021618292,1,"suburban",1,1
0.602845778455958,0.182361590210348,0,"urban",0,1
0.757790548726916,0.459449229296297,0,"urban",0,1
0.510276521090418,0.107852079207078,0,"urban",0,1
0.800637988606468,0.0464449294377118,0,"urban",0,1
0.482158781494945,0.949102982180193,1,"suburban",1,1
0.892681126482785,0.986089809564874,0,"urban",0,1
0.274750550743192,0.870469470741227,0,"urban",0,1
0.00301457988098264,0.107471019728109,1,"suburban",1,1
0.671987436478958,0.723261620150879,0,"urban",0,1
0.691469657933339,0.89869940187782,0,"urban",0,1
0.56896913680248,0.647052417043597,0,"urban",0,1
0.836065966635942,0.95739583671093,0,"urban",0,1
0.899803528329358,0.512726022163406,0,"urban",0,1
0.131103456718847,0.388981914380565,0,"urban",0,1
0.636582343140617,0.163695144932717,0,"urban",0,1
0.893502392573282,0.530243092449382,0,"urban",0,1
0.282422519056126,0.581961662508547,0,"urban",0,1
0.980308428173885,0.421639583073556,0,"urban",0,1
0.719852576032281,0.0592417558655143,0,"urban",0,1
0.6992952383589,0.672766560688615,0,"urban",0,1
0.219237782759592,0.968006689567119,1,"suburban",1,1
0.852510518860072,0.273351151263341,1,"suburban",1,1
0.62466796929948,0.599416824057698,0,"urban",0,1
0.348643520846963,0.515810759738088,0,"urban",0,1
0.61869977787137,0.944343101233244,0,"urban",0,1
0.590347771998495,0.509322141762823,0,"urban",0,1
0.158302783267573,0.175943536916748,1,"suburban",1,1
0.966804640367627,0.35801215027459,0,"urban",0,1
0.508664691122249,0.133796449983492,0,"urban",0,1
0.671163252322003,0.221453041536734,0,"urban",0,1
0.909975012298673,0.785430805757642,0,"urban",0,1
0.0827997806482017,0.0575913046486676,0,"urban",0,1
0.852419770089909,0.818887633737177,0,"urban",0,1
0.84376088459976,0.233498862013221,0,"urban",0,1
0.162945328745991,0.61033370369114,0,"urban",0,1
0.333431936101988,0.647684348747134,0,"urban",0,1
0.844472790602595,0.783632560400292,0,"urban",0,1
0.407256874255836,0.921677803620696,0,"urban",0,0.67
0.901517657097429,0.388726316392422,0,"urban",0,1
0.670756086008623,0.169150177855045,0,"urban",0,1
0.1259406930767,0.0895138524938375,0,"urban",0,0.67
0.219607942039147,0.28413887671195,0,"urban",0,1
0.360136503586546,0.190602149348706,0,"urban",0,1
0.386236434569582,0.738231417490169,0,"urban",0,1
0.446719570783898,0.110997462878004,0,"urban",0,1
0.857602670788765,0.764968880917877,0,"urban",0,1
0.119447336997837,0.163552070735022,1,"suburban",1,1
0.69663271936588,0.800924676470459,0,"urban",0,1
0.198660427471623,0.593313972000033,0,"urban",0,1
0.700282955775037,0.224040125962347,0,"urban",0,1
0.448784695239738,0.479623754974455,0,"urban",0,1
0.302562559721991,0.59181192307733,0,"urban",0,1
0.297568887006491,0.564626223873347,0,"urban",0,1
0.327667096629739,0.22436554543674,0,"urban",0,1
0.429853790206835,0.952123075723648,1,"suburban",1,1
0.717628286452964,0.449758205795661,0,"urban",0,1
0.858770262217149,0.515429795486853,0,"urban",0,1
0.0681417239829898,0.829644094686955,0,"urban",0,0.67
0.625931062037125,0.963189680594951,0,"urban",0,1
0.668990940088406,0.498394389403984,0,"urban",0,1
0.13641821872443,0.8627222427167,1,"suburban",1,1
0.443884539185092,0.464996321359649,0,"urban",0,1
0.744930758373812,0.142508557531983,0,"urban",0,1
0.537010051077232,0.521747996797785,0,"urban",0,1
0.858026692643762,0.691908378154039,0,"urban",0,1
0.867805001325905,0.00518004782497883,1,"suburban",1,0.67
0.108240217668936,0.81899590883404,0,"urban",0,1
0.148599231382832,0.863240237580612,1,"suburban",1,1
0.395857546711341,0.0202917077112943,0,"urban",0,1
0.851018348010257,0.570481140632182,0,"urban",0,1
0.0646357333753258,0.171213716734201,1,"suburban",1,1
0.415332488017157,0.0175440879538655,0,"urban",0,1
0.312792351469398,0.642243128502741,0,"urban",0,1
0.84895798843354,0.942054809303954,0,"urban",0,1
0.115133380983025,0.607344990829006,0,"urban",0,1
0.606749560683966,0.279332078294829,0,"urban",0,1
0.236361448187381,0.339867924340069,0,"urban",0,1
0.251548280706629,0.355170418741181,0,"urban",0,1
0.397789269685745,0.658976592822,0,"urban",0,1
0.575931629631668,0.565512298140675,0,"urban",0,1
0.068103231722489,0.391488727414981,0,"urban",0,1
0.359851876273751,0.787279445445165,0,"urban",0,1
0.79574414389208,0.562770504737273,0,"urban",0,1
0.942839449737221,0.438938563223928,0,"urban",0,1
0.396814420353621,0.0185760154854506,0,"urban",0,1
0.921557346126065,0.922052984591573,0,"urban",0,1
0.307574029546231,0.462468379409984,0,"urban",0,1
0.333806447917596,0.929227804066613,0,"urban",0,1
0.634383860742673,0.293072544038296,0,"urban",0,1
0.136674474226311,0.729319765930995,0,"urban",0,1
0.49664849229157,0.431323354132473,0,"urban",0,1
0.446062904316932,0.333907683379948,0,"urban",0,1
0.0144037569407374,0.420481896027923,0,"urban",0,1
0.961955913342535,0.274319233605638,0,"urban",0,1
0.737597916042432,0.962573556927964,0,"urban",0,1
0.0539508908987045,0.644517025211826,0,"urban",0,1
0.552262994693592,0.872901426628232,0,"urban",0,1
0.745605811011046,0.515164808137342,0,"urban",0,1
0.579599180957302,0.894485792377964,0,"urban",0,1
0.483560394030064,0.703688172157854,0,"urban",0,1
0.619403533404693,0.326315080048516,0,"urban",0,1
0.99707886739634,0.353772651404142,0,"urban",0,1
0.0305059899110347,0.68944726116024,0,"urban",0,1
0.93000063044019,0.395822653546929,0,"urban",0,1
0.661399978678674,0.0980438333936036,0,"urban",0,1
0.977945248829201,0.59449774120003,0,"urban",0,1
0.967089116573334,0.231375909876078,0,"urban",0,0.67
0.0155203817412257,0.359725911170244,0,"urban",0,0.67
0.0715786260552704,0.541580472374335,0,"urban",0,1
0.324484125943854,0.465740530984476,0,"urban",0,1
0.370280951727182,0.22186838882044,0,"urban",0,1
0.120819816133007,0.832343613961712,1,"suburban",0,1
0.254633595701307,0.246357531752437,0,"urban",0,1
0.167638749582693,0.711997123900801,0,"urban",0,1
0.396727710030973,0.541050345171243,0,"urban",0,1
0.86825016210787,0.670291906921193,0,"urban",0,1
0.112016364000738,0.361408853204921,0,"urban",0,1
0.357632597209886,0.0394318695180118,0,"urban",0,1
0.166637928690761,0.124701635213569,0,"urban",1,0.67
0.342691985657439,0.0103348803240806,0,"urban",0,1
0.0849107513204217,0.828089598333463,0,"urban",0,1
0.932193813379854,0.0399560439400375,1,"suburban",1,1
0.0632032086141407,0.87975942553021,1,"suburban",1,1
0.385542414151132,0.29696564655751,0,"urban",0,1
0.482408687006682,0.830864784307778,0,"urban",0,1
0.566804576199502,0.498163729440421,0,"urban",0,1
0.839508148143068,0.380252893082798,0,"urban",0,1
0.111769462702796,0.195254917955026,1,"suburban",1,1
0.0824023631867021,0.30400010664016,1,"suburban",1,1
0.88849855074659,0.00889601721428335,1,"suburban",1,1
0.817894726525992,0.27993191126734,1,"suburban",1,1
0.389143966604024,0.103396925376728,0,"urban",0,1
0.149928072933108,0.351595093030483,0,"urban",0,1
0.140937111806124,0.0465470955241472,0,"urban",0,1
0.526724380673841,0.910707090282813,1,"suburban",0,0.67
0.952013475587592,0.533620422938839,0,"urban",0,1
0.42939869989641,0.91032216604799,1,"suburban",1,0.67
0.566894616000354,0.334484803956002,0,"urban",0,1
0.57726703863591,0.662353866733611,0,"urban",0,1
0.129193583270535,0.663557028397918,0,"urban",0,1
0.660883906530216,0.443192430306226,0,"urban",0,1
0.110413440270349,0.826616167556494,0,"urban",0,0.67
0.459925516042858,0.0750623310450464,0,"urban",0,1
0.0958491631317884,0.279432420851663,1,"suburban",1,1
0.00861821952275932,0.83842665143311,0,"urban",1,0.67
0.057810538681224,0.484702275833115,0,"urban",0,1
0.401094099972397,0.103079923894256,0,"urban",0,1
0.490709465462714,0.466212213272229,0,"urban",0,1
0.254339306615293,0.192681384738535,0,"urban",0,1
0.626767139416188,0.693315270356834,0,"urban",0,1
0.424711001571268,0.273406855063513,0,"urban",0,1
0.796567401150241,0.833698327420279,0,"urban",0,1
0.800456187222153,0.0938134756870568,0,"urban",0,1
0.0862526220735162,0.0616955885197967,0,"urban",0,1
0.184193152934313,0.217108306707814,1,"suburban",0,1
0.150549698388204,0.0121179572306573,0,"urban",0,1
0.367870055139065,0.201399322133511,0,"urban",0,1
0.329284948064014,0.572000375716016,0,"urban",0,1
0.755565537372604,0.0933030478190631,0,"urban",0,1
0.337955383583903,0.646669620415196,0,"urban",0,1
0.279031055513769,0.053965330356732,0,"urban",0,1
0.521677030017599,0.970981753896922,1,"suburban",1,1
0.481559632811695,0.346177153754979,0,"urban",0,1
0.0124137657694519,0.311765134101734,1,"suburban",1,1
0.300888486206532,0.965037765679881,0,"urban",0,1
0.104033200535923,0.594589905347675,0,"urban",0,1
0.176890863338485,0.0467162078712136,0,"urban",0,1
0.991352084791288,0.442789832130075,0,"urban",0,1
0.726165459491313,0.834255433175713,0,"urban",0,1
0.363034075358883,0.153439159970731,0,"urban",0,1
0.201215989422053,0.529701750492677,0,"urban",0,1
0.365808686241508,0.250903338659555,0,"urban",0,1
0.20217765844427,0.858300330815837,0,"urban",1,0.67
0.687425181036815,0.569586013909429,0,"urban",0,1
0.352175010135397,0.491392445052043,0,"urban",0,1
0.584101216634735,0.988228253088892,0,"urban",0,0.67
0.461625834694132,0.894611986121163,0,"urban",0,0.67
0.511072628200054,0.410156071186066,0,"urban",0,1
0.620388998650014,0.129654054297134,0,"urban",0,1
0.772169462172315,0.366134537849575,0,"urban",0,1
0.566445761360228,0.8379536063876,0,"urban",0,1
0.0510144627187401,0.101840012939647,1,"suburban",1,1
0.916750236647204,0.643074763705954,0,"urban",0,1
0.844893362140283,0.220725484192371,0,"urban",0,1
0.885165095096454,0.461128446506336,0,"urban",0,1
0.850118340691552,0.265820283908397,1,"suburban",1,0.67
0.123198065673932,0.949048943351954,1,"suburban",1,1
0.29645953909494,0.332337294705212,0,"urban",0,1
0.0727608676534146,0.747656479012221,0,"urban",0,1
0.247199429897591,0.324633568525314,0,"urban",0,1
0.370544819394127,0.771590680116788,0,"urban",0,1
0.0399423134513199,0.280252252006903,1,"suburban",1,1
0.333998057991266,0.410844109719619,0,"urban",0,1
0.442479276796803,0.746883095474914,0,"urban",0,1
0.878754147794098,0.260307646589354,1,"suburban",1,1
0.546817038441077,0.94171657669358,1,"suburban",1,1
0.600859459955245,0.447767774807289,0,"urban",0,1
0.309133153641596,0.808845120714977,0,"urban",0,1
0.815607654629275,0.879032973898575,0,"urban",0,1
0.284647751832381,0.864978977711871,0,"urban",0,1
0.932084271218628,0.94231043686159,0,"urban",0,1
0.602028995286673,0.913646487984806,0,"urban",0,1
0.772336292080581,0.133361193351448,0,"urban",0,1
0.953300384106115,0.451744422083721,0,"urban",0,1
0.0192491328343749,0.55012869881466,0,"urban",0,1
0.317436102312058,0.861955932341516,0,"urban",0,1
0.496337210759521,0.141726256348193,0,"urban",0,1
0.0515002075117081,0.142930173082277,1,"suburban",1,1
0.68675893638283,0.424375552684069,0,"urban",0,1
0.164239778881893,0.396001703338698,0,"urban",0,1
0.355082652298734,0.630235742777586,0,"urban",0,1
0.696778550744057,0.267165210330859,0,"urban",0,1
0.843237502966076,0.644266568124294,0,"urban",0,1
0.477736929664388,0.620635823812336,0,"urban",0,1
0.846450575394556,0.510835678083822,0,"urban",0,1
0.293373907217756,0.209284655284137,0,"urban",0,1
0.909012942807749,0.712825543014333,0,"urban",0,1
0.844025592785329,0.739247626625001,0,"urban",0,1
0.916856404161081,0.724527498474345,0,"urban",0,1
0.064387193415314,0.709430622635409,0,"urban",0,1
0.599018045933917,0.592604329111055,0,"urban",0,1
0.777564577758312,0.350135566201061,0,"urban",0,1
0.506718009943143,0.472921322332695,0,"urban",0,1
0.438845814438537,0.00376938609406352,0,"urban",0,1
0.930743161588907,0.117516241036355,1,"suburban",1,1
0.581745218485594,0.130275537725538,0,"urban",0,1
0.202742711640894,0.475713140098378,0,"urban",0,1
0.086573451757431,0.362983209080994,0,"urban",0,1
0.0431880643591285,0.0609864464495331,0,"urban",0,1
0.675077082356438,1.02515332400799e-06,0,"urban",0,1
0.131629790645093,0.260663752676919,1,"suburban",1,1
0.244128998601809,0.560417831642553,0,"urban",0,1
0.805178917245939,0.637383950408548,0,"urban",0,1
0.725236115511507,0.973700535250828,0,"urban",0,1
0.910946343559772,0.0402317089028656,1,"suburban",1,1
0.413243934279308,0.108554895967245,0,"urban",0,1
0.756642430322245,0.267422188073397,0,"urban",0,1
0.0555160599760711,0.712778997374699,0,"urban",0,1
0.525682672392577,0.928182802395895,1,"suburban",1,1
0.00672396691516042,0.666505659464747,0,"urban",0,1
0.605218383716419,0.334977651247755,0,"urban",0,1
0.228529658401385,0.893047069665045,0,"urban",0,0.67
0.748007787857205,0.171027991222218,0,"urban",0,1
0.0552993698511273,0.540024478686973,0,"urban",0,1
0.614324665628374,0.994119640206918,0,"urban",0,1
0.939778195228428,0.482243094360456,0,"urban",0,1
0.76145799877122,0.678628858877346,0,"urban",0,1
0.703455154085532,0.399172800593078,0,"urban",0,1
0.608382234582677,0.930874380050227,0,"urban",0,1
0.161911856150255,0.924682550597936,1,"suburban",1,1
0.117033247835934,0.133004292845726,1,"suburban",1,1
0.108209935482591,0.820652750087902,0,"urban",0,1
0.11198332044296,0.284614550182596,1,"suburban",1,1
0.441874491982162,0.471785191679373,0,"urban",0,1
0.888567159185186,0.399192040786147,0,"urban",0,1
0.956275698728859,0.448153173550963,0,"urban",0,1
0.240836213110015,0.853670666227117,0,"urban",0,1
0.799473057501018,0.435177066596225,0,"urban",0,1
0.990464044036344,0.998457789653912,0,"urban",0,1
0.443396858638152,0.049301058286801,0,"urban",0,1
0.642720381962135,0.0863748036790639,0,"urban",0,1
0.0443011100869626,0.445968327345327,0,"urban",0,1
0.606396219460294,0.590948830591515,0,"urban",0,1
0.051167709287256,0.462001642910764,0,"urban",0,1
0.765914692077786,0.385640958091244,0,"urban",0,1
0.799759700894356,0.0228346905205399,0,"urban",0,1
0.812896199058741,0.837118464289233,0,"urban",0,1
0.566247988957912,0.552614670712501,0,"urban",0,1
0.124599591363221,0.860945734661072,1,"suburban",1,1
0.556362226838246,0.518122765235603,0,"urban",0,1
0.437282865634188,0.908188069472089,1,"suburban",1,0.67
0.0234481680672616,0.648297175997868,0,"urban",0,1
0.750678111100569,0.640788103453815,0,"urban",0,1
0.815190641209483,0.789804870262742,0,"urban",0,1
0.461082047084346,0.747599873226136,0,"urban",0,1
0.533720636041835,0.568907782202587,0,"urban",0,1
0.738547259010375,0.877226393204182,0,"urban",0,1
0.180663777515292,0.744687307160348,0,"urban",0,1
0.829527452355251,0.0704081212170422,1,"suburban",0,0.67
0.628008475527167,0.657844922505319,0,"urban",0,1
0.131334227044135,0.510334726655856,0,"urban",0,1
0.00826214021071792,0.908653900492936,1,"suburban",1,1
0.183826544322073,0.724468721076846,0,"urban",0,1
0.278447046177462,0.491361802909523,0,"urban",0,1
0.984867194434628,0.269773590611294,0,"urban",0,1
0.381055829580873,0.599148642504588,0,"urban",0,1
0.0968061606399715,0.588684691349044,0,"urban",0,1
0.082969622919336,0.38084605615586,0,"urban",0,1
0.951198428636417,0.664513380732387,0,"urban",0,1
0.252099635545164,0.712777823442593,0,"urban",0,1
0.0850642533041537,0.932668378809467,1,"suburban",1,1
0.585298180114478,0.327495001023635,0,"urban",0,1
0.515577535843477,0.778795117046684,0,"urban",0,1
0.893315151333809,0.76380581362173,0,"urban",0,1
0.463593635940924,0.489665658678859,0,"urban",0,1
0.542491071857512,0.699087201850489,0,"urban",0,1
0.469047609018162,0.643940336303785,0,"urban",0,1
0.153338839067146,0.638658952899277,0,"urban",0,1
0.437147328397259,0.486667143879458,0,"urban",0,1
0.920156151754782,0.361737178638577,0,"urban",0,1
0.606878049904481,0.870015438413247,0,"urban",0,1
0.988853798015043,0.0216094697825611,1,"suburban",1,1
0.786644111853093,0.8597190186847,0,"urban",0,1
0.483159819385037,0.481079549295828,0,"urban",0,1
0.927280484000221,0.686153261223808,0,"urban",0,1
0.964445187943056,0.646380617748946,0,"urban",0,1
0.361526181688532,0.0461628295015544,0,"urban",0,1
0.431180125335231,0.892303564585745,0,"urban",0,0.67
0.684889771742746,0.974137477576733,0,"urban",0,1
0.368415619013831,0.483063863124698,0,"urban",0,1
0.701612206641585,0.793539966689423,0,"urban",0,1
0.256762434495613,0.620681579457596,0,"urban",0,1
0.746777325402945,0.0217740500811487,0,"urban",0,1
0.565661666449159,0.724335815059021,0,"urban",0,1
0.393173934193328,0.583249781746417,0,"urban",0,1
0.14892083290033,0.0752680022269487,0,"urban",0,1
0.109494309639558,0.746604966465384,0,"urban",0,1
0.812769908457994,0.869858453050256,0,"urban",0,1
0.890062527731061,0.846105084987357,0,"urban",0,1
0.102618434233591,0.804920216556638,0,"urban",0,1
0.665069159818813,0.799104186706245,0,"urban",0,1
0.548278711503372,0.966698718490079,1,"suburban",1,1
0.0835133220534772,0.686243371339515,0,"urban",0,1
0.530231869546697,0.274977333843708,0,"urban",0,1
0.724989217007533,0.923936702078208,0,"urban",0,1
0.664019552990794,0.351868154946715,0,"urban",0,1
0.0738062476739287,0.112319842446595,1,"suburban",1,1
0.846757074585184,0.716717243660241,0,"urban",0,1
0.0588718431536108,0.420061964541674,0,"urban",0,1
0.0436734950635582,0.49281864380464,0,"urban",0,1
0.430895066121593,0.165203158510849,0,"urban",0,1
0.329469747142866,0.304757683770731,0,"urban",0,1
0.0618132895324379,0.843646736582741,1,"suburban",0,0.67
0.325625419383869,0.768867591861635,0,"urban",0,1
0.962794734397903,0.339805310126394,0,"urban",0,1
0.0249904997181147,0.0115785833913833,0,"urban",0,1
0.577332982327789,0.789637440582737,0,"urban",0,1
0.959175501484424,0.907993698492646,0,"urban",0,1
0.827472028555349,0.22694882703945,0,"urban",0,1
0.654196867253631,0.0838057356886566,0,"urban",0,1
0.265272139338776,0.975000482751057,0,"urban",0,1
0.036679589888081,0.317472798284143,1,"suburban",1,1
0.038246710319072,0.335276051657274,1,"suburban",1,1
0.619264725828543,0.868178945034742,0,"urban",0,1
0.682936880970374,0.348163320682943,0,"urban",0,1
0.136162505019456,0.66697481716983,0,"urban",0,1
0.989170043030754,0.744957507122308,0,"urban",0,1
0.25475330511108,0.890501337591559,0,"urban",0,1
0.696619054069743,0.689032022375613,0,"urban",0,1
0.0391966169700027,0.195781523361802,1,"suburban",1,1
0.00655229156836867,0.176196421263739,1,"suburban",1,1
0.84601693879813,0.787848917767406,0,"urban",0,1
0.457429799484089,0.579786004498601,0,"urban",0,1
0.649653384461999,0.520737290615216,0,"urban",0,1
0.922589233377948,0.114615720929578,1,"suburban",1,1
0.141539693810046,0.524879156379029,0,"urban",0,1
0.0406641426961869,0.128640462411568,1,"suburban",1,1
0.21365024917759,0.327782661188394,0,"urban",0,1
0.908177573932335,0.183642133139074,1,"suburban",1,1
0.861090500373393,0.0816222133580595,1,"suburban",1,1
0.557298432569951,0.212589333066717,0,"urban",0,1
0.40853348840028,0.985623080516234,1,"suburban",1,1
0.96559766237624,0.49403265141882,0,"urban",0,1
0.817564000375569,0.300515413051471,1,"suburban",1,0.67
0.522927766665816,0.660099987871945,0,"urban",0,1
0.863043880555779,0.748796275584027,0,"urban",0,1
0.640484444797039,0.856565246824175,0,"urban",0,1
0.916624203557149,0.188696343684569,1,"suburban",1,0.67
0.264187274500728,0.844029715284705,0,"urban",0,1
0.56981562380679,0.0573356142267585,0,"urban",0,1
0.830089224968106,0.617573895957321,0,"urban",0,1
0.862909431103617,0.746689133811742,0,"urban",0,1
0.0376146649941802,0.272783813299611,1,"suburban",1,1
0.461631604470313,0.609921831870452,0,"urban",0,1
0.368964879773557,0.725744177121669,0,"urban",0,1
0.709588668541983,0.853797350544482,0,"urban",0,1
0.613223760621622,0.912790017202497,0,"urban",0,1
0.477096450515091,0.68096989649348,0,"urban",0,1
0.429436355130747,0.920744945760816,1,"suburban",1,0.67
0.47526467544958,0.0517503076698631,0,"urban",0,1
0.536506863078102,0.873381080804393,0,"urban",0,1
0.392271000193432,0.686464804923162,0,"urban",0,1
0.04347228188999,0.802817428251728,0,"urban",0,1
0.557401505764574,0.542765605729073,0,"urban",0,1
0.592864084988832,0.386560619110242,0,"urban",0,1
0.589227254968137,0.893672133097425,0,"urban",0,1
0.566360620548949,0.383950195275247,0,"urban",0,1
0.0536791081540287,0.239657451631501,1,"suburban",1,1
0.263729494297877,0.579188717762008,0,"urban",0,1
0.399604796431959,0.507177959661931,0,"urban",0,1
0.48448910121806,0.0492195533588529,0,"urban",0,1
0.652877727989107,0.75727322534658,0,"urban",0,1
0.733336484758183,0.402854210464284,0,"urban",0,1
0.0486579935532063,0.415521143237129,0,"urban",0,1
0.0160256545059383,0.89598706481047,1,"suburban",1,1
0.505250758258626,0.607818789547309,0,"urban",0,1
0.92919022613205,0.796407950343564,0,"urban",0,1
0.484715157188475,0.591572029516101,0,"urban",0,1
0.0103320241905749,0.924551260657609,1,"suburban",1,1
0.361565513303503,0.446881815325469,0,"urban",0,1
0.237655049422756,0.321468341397122,0,"urban",0,1
0.345972985262051,0.942094683181494,0,"urban",0,1
0.688047668430954,0.525949076982215,0,"urban",0,1
0.155815013917163,0.456599974771962,0,"urban",0,1
0.776018657721579,0.338998393155634,0,"urban",0,1
0.256884431699291,0.883975298609585,0,"urban",0,1
0.556360150221735,0.949651471106336,1,"suburban",1,1
0.213902397314087,0.996027613524348,1,"suburban",1,1
0.420385329052806,0.0932031162083149,0,"urban",0,1
0.154787047533318,0.140591386007145,1,"suburban",0,0.67
0.4616604661569,0.760140876285732,0,"urban",0,1
0.386946928687394,0.282432432286441,0,"urban",0,1
0.482286807149649,0.680482791736722,0,"urban",0,1
0.513910177862272,0.309152001515031,0,"urban",0,1
0.750461295247078,0.638924915343523,0,"urban",0,1
0.225554395467043,0.104450256330892,0,"urban",0,1
0.338181783910841,0.711810201406479,0,"urban",0,1
0.15829550777562,0.330045285401866,0,"urban",0,1
0.25306703383103,0.019709347281605,0,"urban",0,1
0.248262046836317,0.700314447749406,0,"urban",0,1
0.947606292553246,0.759241272462532,0,"urban",0,1
0.317212327383459,0.608978225616738,0,"urban",0,1
0.755972472019494,0.649633108172566,0,"urban",0,1
0.821569424122572,0.890444395132363,0,"urban",0,1
0.929337988840416,0.666274042567238,0,"urban",0,1
0.0480315305758268,0.772338298847899,0,"urban",0,1
0.599147508619353,0.461342473747209,0,"urban",0,1
0.0982065571006387,0.625622540945187,0,"urban",0,1
0.114598078420386,0.292559207649902,1,"suburban",1,1
0.986764929257333,0.996629739413038,0,"urban",0,1
0.405403435463086,0.944911221042275,1,"suburban",1,0.67
0.72740067448467,0.855119686108083,0,"urban",0,1
0.804529482265934,0.384968496859074,0,"urban",0,1
0.953327681869268,0.641063888091594,0,"urban",0,1
0.285383090842515,0.608550500590354,0,"urban",0,1
0.183456314727664,0.884005985688418,1,"suburban",1,1
0.47770947474055,0.951474321307614,1,"suburban",1,1
0.311340288259089,0.43919659871608,0,"urban",0,1
0.365036255447194,0.689673539018258,0,"urban",0,1
0.0148765638004988,0.492728996090591,0,"urban",0,1
0.466624613152817,0.40389856742695,0,"urban",0,1
0.267251147888601,0.465523076476529,0,"urban",0,1
0.98120015533641,0.632644729921594,0,"urban",0,1
0.743459829129279,0.41017910791561,0,"urban",0,1
0.799561366671696,0.653458267217502,0,"urban",0,1
0.386644050711766,0.0427455187309533,0,"urban",0,1
0.674353160196915,0.939664745004848,0,"urban",0,1
0.0585112639237195,0.326132757822052,1,"suburban",1,1
0.558068503625691,0.507776137674227,0,"urban",0,1
0.0437158634886146,0.774460395565256,0,"urban",0,1
0.754480523755774,0.404929498909041,0,"urban",0,1
0.842764578294009,0.275207133498043,1,"suburban",1,1
0.875298381550238,0.135493191890419,1,"suburban",1,1
0.344870429718867,0.577325203455985,0,"urban",0,1
0.452220699517056,0.568414328619838,0,"urban",0,1
0.789371919352561,0.01030428474769,0,"urban",0,1
0.824169262778014,0.593268323456869,0,"urban",0,1
0.891897147055715,0.886909333057702,0,"urban",0,1
0.274881580611691,0.0271805003285408,0,"urban",0,1
0.357457585632801,0.335398187628016,0,"urban",0,1
0.0356705565936863,0.0400324342772365,0,"urban",0,1
0.619817166123539,0.111348160775378,0,"urban",0,1
0.238789795897901,0.569434442790225,0,"urban",0,1
0.127669784473255,0.417686799773946,0,"urban",0,1
0.917069291695952,0.530692051164806,0,"urban",0,1
0.81905522220768,0.714771549683064,0,"urban",0,1
0.723510859766975,0.396227919263765,0,"urban",0,1
0.708164408570156,0.721422222908586,0,"urban",0,1
0.890256986953318,0.904205751139671,0,"urban",0,1
0.638730378123,0.234301313059404,0,"urban",0,1
0.848158356966451,0.541864928556606,0,"urban",0,1
0.985895506804809,0.0875065985601395,1,"suburban",1,1
0.472408570349216,0.972025127382949,1,"suburban",1,1
0.955890834564343,0.863090529106557,0,"urban",0,1
0.735473406268284,0.0928713497705758,0,"urban",0,1
0.653445560485125,0.419311031932011,0,"urban",0,1
0.169729127315804,0.341702418867499,0,"urban",0,1
0.732540167868137,0.540621601976454,0,"urban",0,1
0.732579300180078,0.713950213044882,0,"urban",0,1
0.593971422873437,0.210698028327897,0,"urban",0,1
0.699275867780671,0.774436076404527,0,"urban",0,1
0.779420006787404,0.565038091037422,0,"urban",0,1
0.337943654507399,0.0549758179113269,0,"urban",0,1
0.0133971888571978,0.452212448930368,0,"urban",0,1
0.0945129243191332,0.606787286465988,0,"urban",0,1
0.240507985465229,0.274459426989779,0,"urban",0,1
0.036207573954016,0.312256666598842,1,"suburban",1,1
0.70150039717555,0.423228884814307,0,"urban",0,1
0.0647981732618064,0.621701610973105,0,"urban",0,1
0.782609923742712,0.432377375429496,0,"urban",0,1
0.681755375582725,0.329664035467431,0,"urban",0,1
0.525603838730603,0.888085880083963,0,"urban",0,0.67
0.412453660042956,0.639832863816991,0,"urban",0,1
0.191289809765294,0.415524690877646,0,"urban",0,1
0.941788867348805,0.124890099279583,1,"suburban",1,1
0.116572744678706,0.802943303948268,0,"urban",0,1
0.118076586863026,0.967324258526787,1,"suburban",1,1
0.659674275433645,0.516121195163578,0,"urban",0,1
0.784003278706223,0.0834793124813586,0,"urban",0,1
0.0197683123406023,0.0468451173510402,0,"urban",0,1
0.948848215164617,0.884147305972874,0,"urban",0,1
0.537695716135204,0.372468763031065,0,"urban",0,1
0.867553471587598,0.785255336901173,0,"urban",0,1
0.211750569753349,0.915505921002477,1,"suburban",1,0.67
0.565554665867239,0.680056675802916,0,"urban",0,1
0.666466533672065,0.467148280004039,0,"urban",0,1
0.302445228444412,0.679806221975014,0,"urban",0,1
0.842851972905919,0.197990738088265,0,"urban",0,1
0.848946563666686,0.539595678914338,0,"urban",0,1
0.544457394862548,0.391224310034886,0,"urban",0,1
0.47665530978702,0.706006197957322,0,"urban",0,1
0.366988719906658,0.834476524265483,0,"urban",0,1
0.0256087898742408,0.12312731705606,1,"suburban",1,1
0.168630340369418,0.346679055597633,0,"urban",0,1
0.0734147832263261,0.694572198204696,0,"urban",0,1
0.832285906886682,0.858371401904151,0,"urban",0,1
0.636239125858992,0.114063743967563,0,"urban",0,1
0.335435174871236,0.745214957976714,0,"urban",0,1
0.88596899039112,0.552054322790354,0,"urban",0,1
0.850551875308156,0.0862677870318294,1,"suburban",1,1
0.307378629455343,0.621325232554227,0,"urban",0,1
0.244587240042165,0.752474695444107,0,"urban",0,1
0.34217325784266,0.18395632901229,0,"urban",0,1
0.394126927712932,0.610014296602458,0,"urban",0,1
0.712367765372619,0.856722601689398,0,"urban",0,1
0.466410208959132,0.0359513815492392,0,"urban",0,1
0.701290637487546,0.324973222333938,0,"urban",0,1
0.569582240423188,0.0284458149690181,0,"urban",0,1
0.21678257221356,0.955364188645035,1,"suburban",1,1
0.530656772665679,0.650953296339139,0,"urban",0,1
0.742999391630292,0.895427552284673,0,"urban",0,1
0.121070309309289,0.499844094272703,0,"urban",0,1
0.835600997786969,0.560816851444542,0,"urban",0,1
0.952321059769019,0.533477709395811,0,"urban",0,1
0.0305635186377913,0.107741539366543,1,"suburban",1,1
0.4733358444646,0.400320206768811,0,"urban",0,1
0.111619787523523,0.403211830183864,0,"urban",0,1
0.0396057358011603,0.864962999010459,1,"suburban",1,1
0.362151425564662,0.126591771841049,0,"urban",0,1
0.0594207288231701,0.0995730219874531,1,"suburban",1,1
0.275504386983812,0.708494918420911,0,"urban",0,1
0.382503441534936,0.200558962998912,0,"urban",0,1
0.445987437153235,0.452276569092646,0,"urban",0,1
0.43330858182162,0.306642246898264,0,"urban",0,1
0.295121832750738,0.454251202521846,0,"urban",0,1
0.392465787241235,0.734300310723484,0,"urban",0,1
0.889711561379954,0.920953145250678,0,"urban",0,1
0.920492316130549,0.00706430291756988,1,"suburban",1,1
0.18034835299477,0.471468877978623,0,"urban",0,1
0.221466572256759,0.452853829134256,0,"urban",0,1
0.222769269021228,0.541998454369605,0,"urban",0,1
0.596023438265547,0.38029619329609,0,"urban",0,1
0.347692948067561,0.0788586954586208,0,"urban",0,1
0.220090059097856,0.817296398803592,0,"urban",0,1
0.273341405903921,0.736036649905145,0,"urban",0,1
0.640807863790542,0.00170148001052439,0,"urban",0,1
0.427230809815228,0.332234834553674,0,"urban",0,1
0.0977592652197927,0.81017105630599,0,"urban",0,1
0.137923752889037,0.248761531431228,1,"suburban",1,1
0.523629248607904,0.992062047123909,1,"suburban",1,1
0.0900072746444494,0.775867982767522,0,"urban",0,1
0.913487042998895,0.945571813266724,0,"urban",0,1
0.624111573211849,0.831893759313971,0,"urban",0,1
0.729285276960582,0.454351824242622,0,"urban",0,1
0.44315915228799,0.883967654779553,0,"urban",0,1
0.527632434153929,0.0859265481121838,0,"urban",0,1
0.240024608094245,0.715737014310434,0,"urban",0,1
0.115352725610137,0.753507017390803,0,"urban",0,1
0.966886762762442,0.720334307756275,0,"urban",0,1
0.565337528241798,0.201727420091629,0,"urban",0,1
0.664630535058677,0.526375043205917,0,"urban",0,1
0.678308240370825,0.94031324936077,0,"urban",0,1
0.032923735678196,0.938747100066394,1,"suburban",1,1
0.361221342813224,0.801169311394915,0,"urban",0,1
0.337451668689027,0.196115062572062,0,"urban",0,1
0.0109287921804935,0.115014746785164,1,"suburban",1,1
0.115099880378693,0.321442258544266,1,"suburban",1,1
0.690946113085374,0.34211695427075,0,"urban",0,1
0.269401195226237,0.660224205348641,0,"urban",0,1
0.385444184532389,0.310230182018131,0,"urban",0,1
0.209837635047734,0.557397462194785,0,"urban",0,1
0.507358780829236,0.372097354149446,0,"urban",0,1
0.129508395912126,0.736084105679765,0,"urban",0,1
0.0682787708938122,0.739792756503448,0,"urban",0,1
0.838006259407848,0.299183252966031,1,"suburban",1,1
0.520980722038075,0.147944956552237,0,"urban",0,1
0.0296742713544518,0.537676481064409,0,"urban",0,1
0.441132145235315,0.891507131513208,0,"urban",0,0.67
0.0199762983247638,0.303314637392759,1,"suburban",1,1
0.148101913742721,0.148642655462027,1,"suburban",1,0.67
0.458180268295109,0.337552250362933,0,"urban",0,1
0.338766621658579,0.656022035283968,0,"urban",0,1
0.532604758162051,0.432223895797506,0,"urban",0,1
0.190294516272843,0.382534311152995,0,"urban",0,1
0.145901804324239,0.415022858418524,0,"urban",0,1
0.406867101788521,0.0716253449209034,0,"urban",0,1
0.524460471933708,0.963301236974075,1,"suburban",1,1
0.00337360147386789,0.6315215989016,0,"urban",0,1
0.042861427878961,0.191663337405771,1,"suburban",1,1
0.74031827179715,0.73052490525879,0,"urban",0,1
0.994529048679397,0.788931091083214,0,"urban",0,1
0.624808208784088,0.740214865189046,0,"urban",0,1
0.719965558731928,0.423949520569295,0,"urban",0,1
0.743765445193276,0.632944614160806,0,"urban",0,1
0.587570508243516,0.124349910067394,0,"urban",0,1
0.339965861057863,0.158995155012235,0,"urban",0,1
0.856138718081638,0.410868529230356,0,"urban",0,1
0.269423843128607,0.356424980331212,0,"urban",0,1
0.761346012819558,0.262305201031268,0,"urban",0,1
0.938922621542588,0.906816845061257,0,"urban",0,1
0.630133975530043,0.537875949870795,0,"urban",0,1
0.481180555187166,0.428221152862534,0,"urban",0,1
0.287030905485153,0.00288080121390522,0,"urban",0,1
0.753584847319871,0.161165395518765,0,"urban",0,1
0.980508092558011,0.734752176096663,0,"urban",0,1
0.690842913696542,0.626061135903001,0,"urban",0,1
0.500223358394578,0.851360953180119,0,"urban",0,1
0.512425035238266,0.111053431173787,0,"urban",0,1
0.190502568148077,0.935046881204471,1,"suburban",1,1
0.557115159463137,0.0518755356315523,0,"urban",0,1
0.0160213022027165,0.394230037461966,0,"urban",0,1
0.765072987414896,0.285916179185733,0,"urban",0,1
0.2743391294498,0.211885998025537,0,"urban",0,1
0.823229422792792,0.897355592343956,0,"urban",0,1
0.969396935775876,0.998534992802888,0,"urban",0,1
0.658567992737517,0.000611615832895041,0,"urban",0,1
0.55602625827305,0.981295263394713,1,"suburban",1,0.67
0.121071203844622,0.044798121554777,0,"urban",0,1
0.0800426825881004,0.603120907908306,0,"urban",0,1
0.35123828263022,0.55651018046774,0,"urban",0,1
0.222496813395992,0.972415481228381,1,"suburban",1,1
0.392577126156539,0.0546002150513232,0,"urban",0,1
0.907018878031522,0.118173582712188,1,"suburban",1,1
0.364293998107314,0.453267467673868,0,"urban",0,1
0.322880523744971,0.361281991004944,0,"urban",0,1
0.194165850523859,0.544106664136052,0,"urban",0,1
0.0189164183102548,0.819204116240144,0,"urban",0,1
0.0113162128254771,0.942042384762317,1,"suburban",1,1
0.665221371455118,0.14578578947112,0,"urban",0,1
0.661515459185466,0.834560778224841,0,"urban",0,1
0.435869561508298,0.26307963905856,0,"urban",0,1
0.337587610119954,0.940805806079879,0,"urban",0,1
0.110550935612991,0.229958005482331,1,"suburban",1,1
0.12548235966824,0.675557161448523,0,"urban",0,1
0.961875307140872,0.453321356093511,0,"urban",0,1
0.0452594517264515,0.71532163512893,0,"urban",0,1
0.696198727237061,0.971623387187719,0,"urban",0,1
0.434295311104506,0.782017179066315,0,"urban",0,1
0.925096491817385,0.727170067839324,0,"urban",0,1
0.430960740661249,0.970986379543319,1,"suburban",1,1
0.818365607410669,0.47149865468964,0,"urban",0,1
0.786996244685724,0.373910143272951,0,"urban",0,1
0.0659540668129921,0.597959995269775,0,"urban",0,1
0.12225251365453,0.719704364193603,0,"urban",0,1
0.829455316532403,0.74604542599991,0,"urban",0,1
0.20064440346323,0.191091025481001,0,"urban",1,0.67
0.264065419090912,0.288661823840812,0,"urban",0,1
0.440534847090021,0.550957479514182,0,"urban",0,1
0.782364667858928,0.0366788133978844,0,"urban",0,1
0.192872506100684,0.91555134113878,1,"suburban",1,1
0.855965969385579,0.150118737481534,1,"suburban",1,1
0.782768158940598,0.607823604252189,0,"urban",0,1
0.314605060731992,0.227649194421247,0,"urban",0,1
0.880431569414213,0.345704926876351,1,"suburban",1,0.67
0.393657188396901,0.176420201780275,0,"urban",0,1
0.716596583137289,0.499654937768355,0,"urban",0,1
0.667204768396914,0.172913742018864,0,"urban",0,1
0.0912123881280422,0.771798627218232,0,"urban",0,1
0.501666809432209,0.426602978957817,0,"urban",0,1
0.719601259799674,0.62159143271856,0,"urban",0,1
0.369435255182907,0.245430084876716,0,"urban",0,1
0.31777458335273,0.779035709565505,0,"urban",0,1
0.7394681237638,0.802148196380585,0,"urban",0,1
0.431380148045719,0.63270496064797,0,"urban",0,1
0.453855287982151,0.779262005118653,0,"urban",0,1
0.245181540027261,0.936414731433615,0,"urban",1,1
0.523291909368709,0.382575752446428,0,"urban",0,1
0.381024236790836,0.545856615761295,0,"urban",0,1
0.988220280501992,0.120997280115262,1,"suburban",1,1
0.100731870392337,0.711617103312165,0,"urban",0,1
0.0620064912363887,0.523757981136441,0,"urban",0,1
0.229142298689112,0.267709137871861,0,"urban",0,1
0.199606335023418,0.623648355714977,0,"urban",0,1
0.432735076872632,0.722942671971396,0,"urban",0,1
0.564368340419605,0.693167768185958,0,"urban",0,1
0.967090151272714,0.859197783051059,0,"urban",0,1
0.648629658622667,0.997565411264077,0,"urban",0,1
0.87283489620313,0.506284008035436,0,"urban",0,1
0.683310021879151,0.742556900717318,0,"urban",0,1
0.838178822537884,0.111143104499206,1,"suburban",1,0.67
0.676430098246783,0.673384288791567,0,"urban",0,1
0.79649816127494,0.562381246360019,0,"urban",0,1
0.922600859776139,0.555674219503999,0,"urban",0,1
0.362022495130077,0.0233157419133931,0,"urban",0,1
0.585753170074895,0.970067930407822,0,"urban",0,0.67
0.122458786936477,0.774181588552892,0,"urban",0,1
